time,open,high,low,close,Ergotic SMI
1551484800,3805.9725,3819.6975,3759.2425,3787.94,0.14759914929585788
1551657600,3787.995,3876.36,3672.0725,3844.8225,0.14764461567708584
1551830400,3844.8475,3890.79,3809.24,3855.7375,0.15070496948537873
1552003200,3855.7675,3948.115,3765.835,3917.53,0.17063670773554854
1552176000,3916.965,3917.02,3815.0525,3850.195,0.15740516128012486
1552348800,3850.185,3877.21,3797.045,3850.965,0.1480863858234603
1552521600,3850.25,3909.7425,3780.2225,3901.3025,0.1576617632966377
1552694400,3900.5825,4039.2475,3899.6775,3965.74,0.18602907515502276
1552867200,3965.7975,4017.02,3934.77,4000.07,0.217820898039381
1553040000,3999.73,4058.8625,3905.785,3973.595,0.2269792062129099
1553212800,3973.6925,3999.77,3959.8425,3982.725,0.23691581345279863
1553385600,3980.62,3981.43,3855.625,3908.16,0.2009721933921045
1553558400,3907.8525,4036.0525,3881.465,4026.295,0.22029930539985323
1553731200,4026.0275,4100.5275,3994.1,4088.1575,0.25539171615055756
1553904000,4088.0625,4130.43,4039.9475,4095.32,0.28170503886882914
1554076800,4094.2825,5108.63,4052.07,4902.065,0.4998201174445515
1554249600,4901.035,5348.0025,4780.29,4906.9525,0.5955530132556818
1554422400,4908.11,5240.86,4886.055,5044.8925,0.6621020217559396
1554595200,5045.1925,5352.4175,5025.7325,5286.6,0.7197317239276152
1554768000,5287.595,5472.3,5143.2675,5320.65,0.7556160740316616
1554940800,5323.3175,5344.38,4909.4075,5081.23,0.6796777977672874
1555113600,5081.1775,5188.6225,5012.885,5161.725,0.6389105935512794
1555286400,5161.635,5234.2325,4946.7275,5203.27,0.6158296964492121
1555459200,5202.125,5320.915,5173.8975,5282.15,0.6072005621517151
1555632000,5282.055,5360.6425,5191.5875,5319.1475,0.6046438705326381
1555804800,5319.8825,5443.3125,5210.4175,5387.1,0.6093441218922554
1555977600,5387.075,5641.495,5363.61,5442.5525,0.6181250200914217
1556150400,5442.3375,5512.005,4821.9125,5152.02,0.5085597502949055
1556323200,5154.2775,5218.3625,5100.985,5157.275,0.4367391667393314
1556496000,5155.0925,5288.605,5070.6625,5269.5575,0.4037006631175527
1556668800,5270,5422.29,5266.975,5389.005,0.3993493273322288
1556841600,5389.0025,5842.5525,5365,5766.9175,0.45029464188919516
1557014400,5768.4225,5780.7675,5565.1925,5686.8525,0.4545869739008283
1557187200,5687.53,5987.295,5657.7375,5941,0.4874480805544636
1557360000,5946.4975,6428.5125,5933.8825,6350.4725,0.5483342369758402
1557532800,6349.8575,7583.4125,6343.65,6976.065,0.6292830389541312
1557705600,6970.955,8341.865,6866.9425,7991.525,0.719666917982881
1557878400,7991.755,8382.2375,7657.785,7880.26,0.7393964973115597
1558051200,7880.395,7942.6375,6511.1025,7262.96,0.629733853120953
1558224000,7263.185,8304.8875,7253.7975,8003.5375,0.598938676872018
1558396800,8001.7525,8114.4475,7506.4525,7623.3825,0.5263827055917125
1558569600,7621.695,8179.3925,7469.0775,8001.27,0.4997583483636642
1558742400,8001.3,8792.645,7889.57,8737.8225,0.5138743267047492
1558915200,8737.1525,8946.615,8458.985,8719.955,0.520338101405883
1559088000,8719.3,9093.925,7990.2,8275.2025,0.47197445516243886
1559260800,8277.47,8621.555,8111.14,8557.805,0.45209223813999244
1559433600,8556.5975,8835.24,8037.25,8110.6475,0.38958347260855675
1559606400,8105.5475,8105.8225,7431.4175,7788.485,0.3145813487036364
1559779200,7787.695,8132.72,7447.42,8000.715,0.275492851927738
1559952000,7999.4475,8060.0125,7510.045,7638.2825,0.21343477352210494
1560124800,7630.8825,8089.81,7522.6825,7919.825,0.18862463148786426
1560297600,7918.1675,8334.895,7822.115,8242.6825,0.19233602113294967
1560470400,8243.02,8913.0525,8178.75,8856.88,0.23322643502315743
1560643200,8856.245,9473.675,8715.185,9333.1625,0.2874003931835263
1560816000,9336.875,9359.2725,8927.7925,9278.89,0.3179031437211725
1560988800,9279.2375,10242.0775,9211.635,10227.86,0.385751781297985
1561161600,10226.96,11254.715,10062.8325,10830.4725,0.454013935834686
1561334400,10826.6,11794.195,10535.98,11757.885,0.5289753779419164
1561507200,11759.8175,13870.6275,10299.75,11151.1925,0.5145903501740263
1561680000,11154.655,12444.5575,10734.61,11868.7375,0.5269831430961447
1561852800,11870.375,12199.2725,9940.75,10545.515,0.4216570468875627
1562025600,10434.6775,12020.96,9646.02,11977.7425,0.40483287093603665
1562198400,11977.0125,12060.64,10756.7625,11001.4125,0.3316457942701219
1562371200,10995.4625,11727.42,10975.6075,11475.0375,0.30271476968211164
1562544000,11478.405,12843.1925,11329.105,12569.815,0.31748788722312354
1562716800,12569.2275,13196.8325,10955.02,11340.29,0.2614197963267491
1562889600,11346.615,11942.61,10804.0575,11376.2825,0.22740800563320565
1563062400,11383.395,11463.4675,9841.04,10848.7175,0.17917582779928382
1563235200,10844.905,11037.5525,9073.385,9700.785,0.09464333714422875
1563408000,9701.2025,10797.7525,9277.8575,10536.0375,0.06921592931143021
1563580800,10534.2225,11141.285,10290.75,10594.06,0.05439124818582504
1563753600,10595.26,10690.0325,9802.4525,9842.615,0.013075277275157997
1563926400,9845.5025,10185.69,9509.8575,9888.9575,-0.013754703631758779
1564099200,9888.725,10232.115,9290.025,9477.8625,-0.04990136047787037
1564272000,9471.0025,9721.185,9112.6225,9498.6325,-0.07515305894754741
1564444800,9502.9625,10136.175,9375.31,10085.57,-0.06456180048194265
1564617600,10094.0025,10670.68,9883.6375,10530.7075,-0.03449178453637688
1564790400,10531.2,11084.9425,10505.53,10977.9675,0.009471201580282345
1564963200,10980.5325,12326.6025,10979.3825,11464.6575,0.06454238030089601
1565136000,11464.8775,12151.975,11382.8525,11947.725,0.1260150378070088
1565308800,11951.1925,12020.935,11193.8,11280.7725,0.12947568799133094
1565481600,11279.555,11578.2975,11093.1275,11385.025,0.13666764893078254
1565654400,11385.2125,11443.015,9893.495,10020.9325,0.061474785093533296
1565827200,10022.31,10538.6575,9476.2725,10357.36,0.029097546609989533
1566000000,10353.1875,10508.465,9983.545,10319.71,0.005141878433419367
1566172800,10319.355,10954.37,10269.99,10762.0675,0.01201449113365718
1566345600,10768.7475,10803.545,9756.5875,10122.97,-0.018083198116510064
1566518400,10120.9925,10478.15,9885.785,10147.4975,-0.037545437628760836
1566691200,10149.7825,10671.6025,9906.3525,10363.6125,-0.038520184364242135
1566864000,10362.255,10380.6225,9530.8575,9717.26,-0.07563618710729468
1567036800,9715.465,9716.9,9309.9575,9580.5325,-0.10922907696731
1567209600,9576.965,9840.4,9430.815,9768.0175,-0.12016812973291639
1567382400,9768.075,10783.4775,9753.375,10621.4725,-0.06765905607011828
1567555200,10623.1225,10847.3475,10364.53,10580.8225,-0.03418043664630309
1567728000,10577.965,10951.85,10179.29,10483.8825,-0.01663697756256944
1567900800,10488.37,10595.725,10059.6225,10311.485,-0.015807062177410593
1568073600,10312.7075,10390.0175,9865.0025,10159.12,-0.02623582585906692
1568246400,10163.38,10467.6325,10035.385,10363.9875,-0.01766877745797474
1568419200,10367.705,10441.1225,10233.6025,10309.045,-0.01573895427463585
1568592000,10311.38,10377.1025,10054.2175,10190.78,-0.02437531156929286
1568764800,10186.865,10379.8825,9603.04,10265.2275,-0.023845154183765833
1568937600,10268.525,10300.695,9914.225,9979.65,-0.0504071507549843
1569110400,9976.98,10090.3575,9611.53,9689.0275,-0.09710666152562382
1569283200,9690.7275,9777.8575,8048.6325,8435.3525,-0.2320199856444274
1569456000,8443.3975,8464.025,7723.61,8193.6775,-0.32881880519466017
1569628800,8197.365,8368.21,7905.1925,8052.3225,-0.3984275190414235
1569801600,8058.2875,8534.375,7694.05,8323.5375,-0.410856651731479
1569974400,8324.5575,8415.52,8056.9925,8231.22,-0.4241140849569847
1570147200,8234.1275,8243.4775,8007.09,8148.0425,-0.4378242385869987
1570320000,8151.11,8312.895,7767.4025,8209.15,-0.4392232891097597
1570492800,8210.525,8704.4075,8109.8525,8589.7875,-0.38616203231416624
1570665600,8589.62,8847.7775,8223.1075,8269.06,-0.36923732919088936
1570838400,8266.01,8471,8144.045,8280.48,-0.35581039548769716
1571011200,8279.3375,8417.52,8078.73,8161.255,-0.35442314065278485
1571184000,8162.825,8176.4975,7913.13,8075.2625,-0.3596672058342183
1571356800,8074.4325,8117.9275,7815.45,7961.1675,-0.37214183437750553
1571529600,7962.665,8361.3375,7878.62,8213.5325,-0.3389346574677343
1571702400,8208.7725,8317.435,7291.8075,7472.3575,-0.37434855368789655
1571875200,7474.3525,8793.0975,7359.2875,8666.525,-0.22555248220020874
1572048000,8674.505,10520.2475,8646.0225,9549.05,-0.05221444818460047
1572220800,9559.325,9939.62,9055.5425,9431.4625,0.0330872920430073
1572393600,9432.415,9439.3725,8955.9075,9152.5625,0.061081000846201466
1572566400,9155.985,9392.51,9058.61,9306.1125,0.09051870927236173
1572739200,9306.7175,9596.625,9072.575,9413.55,0.11820851145100028
1572912000,9414.5625,9493.1475,9171.76,9343.63,0.13093585996016874
1573084800,9344.24,9373.17,8666.5075,8766.13,0.08467719140010202
1573257600,8764.355,9142.7025,8719.63,9033.985,0.07441809061957862
1573430400,9035.32,9069.11,8557.61,8812.7525,0.04705391599284154
1573603200,8814.1475,8838.235,8559.21,8631.415,0.011541474530064934
1573776000,8630.97,8780.825,8366.9325,8482.635,-0.02694034930172684
1573948800,8483.355,8631.6,8022.295,8170.925,-0.08180366950151746
1574121600,8172.04,8222.8625,7989.105,8083.375,-0.12803108413227296
1574294400,8082.6525,8116.435,6777.6175,7285.1575,-0.2237155166191506
1574467200,7282.76,7351.755,6856.535,6908.4475,-0.31099343810581553
1574640000,6906.5825,7377.3725,6522.48,7161.5975,-0.3374565344349761
1574812800,7162.6225,7675.3725,6850.5425,7431.89,-0.3225324697449084
1574985600,7430.0475,7867.225,7412.34,7554.92,-0.2977117908490974
1575158400,7556.4725,7557.0175,7156.88,7305.5,-0.29679836167717716
1575331200,7307.75,7792.265,7081.72,7195,-0.30352227685456723
1575504000,7198.355,7611.715,7155.3725,7542.82,-0.2646519900121927
1575676800,7545.4825,7637.0675,7390.6825,7523.3275,-0.23884165703556598
1575849600,7520.8875,7660.845,7158.44,7219.035,-0.24418065313862009
1576022400,7221.065,7297.245,7076.785,7189.4625,-0.25033856791805514
1576195200,7190.12,7299.79,7008.88,7065.535,-0.26508108807707975
1576368000,7067.365,7206.3,6811.31,6879.2925,-0.29144988029113295
1576540800,6879.4425,7458.53,6430.145,7288.2375,-0.24878442689516642
1576713600,7288.99,7373.03,7035.4875,7190.62,-0.22821635729601486
1576886400,7190.81,7525.115,7110.745,7511.47,-0.16748726799182864
1577059200,7517.5525,7690.6175,7157.395,7255.145,-0.1521145427015189
1577232000,7254.5575,7430.7475,7116.2075,7193.44,-0.14797759312003636
1577404800,7195.47,7348.7225,7025.6275,7299.9275,-0.1298565145582651
1577577600,7301.05,7527.195,7199.7425,7216.0525,-0.1263752403008972
1577750400,7218.3875,7300.53,7112.1425,7167.07,-0.12965341791774523
1577836800,7164.9025,7235.535,6904.755,6945.695,-0.15899874122041038
1578009600,6944.76,7399.7025,6857.05,7349.0325,-0.11406534557042948
1578182400,7351.925,7807.485,7309.2125,7761.8475,-0.02355182478738482
1578355200,7765.255,8465.065,7721.1575,8043.8175,0.07049433094878715
1578528000,8045.23,8197.6675,7670.075,8195.22,0.14853325012579546
1578700800,8196.1075,8293.1275,7961.6125,8178.0025,0.19820963728984825
1578873600,8180.7775,8892.4225,8029.4375,8817.81,0.2946839908250336
1579046400,8813.425,8906.0075,8556.53,8714.43,0.3389303222336144
1579219200,8715.7675,9009.85,8663.4725,8908.3325,0.3836462898620329
1579392000,8905.765,9187.0675,8468.4725,8627.775,0.3657811296268756
1579564800,8632.0475,8791.005,8439.5,8659.8475,0.3563003616497574
1579737600,8662.7225,8666.545,8217.7925,8425.3425,0.3100042995798976
1579910400,8428.85,8597.24,8254.6875,8590.48,0.2928279096209883
1580083200,8596.5925,9414.5675,8557.0475,9398.35,0.3499961221233086
1580256000,9389.56,9569.5,9146.0125,9500.19,0.3925922373527168
1580428800,9505.6275,9524.215,9197.8625,9378.7625,0.400616903611257
1580601600,9379.345,9611.2375,9143.75,9282.0225,0.3900903974983167
1580774400,9280,9769.4,9077.93,9615.87,0.4068990095171906
1580947200,9619.0275,9879.49,9520.6475,9807.01,0.4315123832623401
1581120000,9807.05,10177.09,9657.6225,10167.7075,0.47170865537761264
1581292800,10166.69,10396.01,9708.5575,10270.4125,0.5047816371530329
1581465600,10270.5225,10514.2025,10074.7275,10238.0375,0.5217797266490175
1581638400,10235.2125,10401.26,9751.725,9904.735,0.47165599318305934
1581811200,9908.385,10048.9425,9472.125,9701.0875,0.4008510224972127
1581984000,9711.5925,10306.265,9307.4275,9598.8125,0.3342740928907546
1582156800,9594.5325,9772.38,9382.575,9698.3575,0.2961631378501866
1582329600,9698.2275,10022.14,9575.2225,9968.39,0.2945568911307911
1582502400,9970.12,10026.365,9238.9275,9307.825,0.18678288395634482
1582675200,9306.5725,9370.61,8519.075,8812.2875,0.053713829216192846
1582848000,8816.35,8898.86,8429.8975,8526.76,-0.05945026042070637
1583020800,8528.5075,8972.2625,8406.2525,8917.49,-0.0840800033472894
1583193600,8917.625,8923.6925,8655.715,8757.4225,-0.1148937121926977
1583366400,8758.6325,9181.3575,8757.855,9156.305,-0.08903401702420949
1583539200,9157.1725,9217.95,8000.2,8036.475,-0.1683939172818616
1583712000,8037.4375,8186.585,7552.575,7887.13,-0.22507060316464408
1583884800,7891.9625,7995.7125,4673.2225,4844.805,-0.41720764012395334
1584057600,4844.805,5996.0875,3880.5875,5166.4675,-0.47789217789058
1584230400,5161.7925,5985.02,4407.18,5037.2225,-0.5153240036430814
1584403200,5045.05,5566.905,4935.7975,5414.0525,-0.5062458036548847
1584576000,5416.645,7027.6625,5267.0425,6207.055,-0.43629762466978894
1584748800,6208.885,6466.505,5734.96,5824.085,-0.40350501569211733
1584921600,5817.7525,6875.2,5686.91,6769.9625,-0.31467562458074233
1585094400,6767.1275,6983.76,6465.1875,6753.585,-0.2576251536067429
1585267200,6754.835,6872.7925,6034.4,6253.6775,-0.2383923108003127
1585440000,6257.7875,6632.6025,5854.3525,6406.07,-0.21516811573451844
1585612800,6406.515,6719.99,6152.895,6661.81,-0.18180251488070565
1585785600,6666.485,7267.625,6575.535,6741.01,-0.15243650092949065
1585958400,6739.1725,7014.3825,6656.72,6777.015,-0.1282015961562584
1586131200,6777.865,7469.58,6773.06,7202.6875,-0.0798900362143068
1586304000,7203.34,7429.22,7106.08,7299.13,-0.03751595091815846
1586476800,7300.035,7307.86,6751.2875,6888.695,-0.03400219646506974
1586649600,6886.86,7205.3625,6554.9775,6862.78,-0.033268686739163396
1586822400,6862.5925,6990.33,6604.545,6622.355,-0.05051162891176956
1586995200,6621.805,7218.2475,6469.8825,7033.0025,-0.028940400439461316
1587168000,7030.83,7304.32,7023.69,7130.2775,-0.005317074312619725
1587340800,7128.3575,7225.7525,6755.955,6854.9675,-0.011581002894620707
1587513600,6854.2425,7774.8625,6824.465,7507.5425,0.039817315487357334
1587686400,7511.375,7722.775,7386.705,7548.32,0.07801999291308608
1587859200,7552.6525,7807.935,7483.77,7790.8125,0.12428442526863812
1588032000,7792.8225,8976.83,7667.1625,8788.7275,0.2280054836321984
1588204800,8788.4175,9481.3425,8408.75,8827.04,0.2963141534638082
1588377600,8830.9925,9205.4975,8725.59,8908.385,0.34736092733289553
1588550400,8913.4975,9122.2125,8533.0975,9028.66,0.38997910296425276
1588723200,9030.195,10078.3,8921.97,10002.4525,0.4685695573627195
1588896000,10005.9075,10048.9725,9519.3425,9541.09,0.46186044486850475
1589068800,9531.785,9564.665,8086.295,8571.67,0.34983074538729353
1589241600,8572.2425,9416.6325,8535.8025,9316.36,0.31949825288056644
1589414400,9320.47,9946.5675,9119.3525,9311.1425,0.30056541022511113
1589587200,9312.48,9891.695,9215.6475,9670.7075,0.3056237622943398
1589760000,9681.9,9956.7475,9435.1675,9782.035,0.3144077958489345
1589932800,9780.02,9841.8525,8800.5,9059.705,0.25484396012487115
1590105600,9060.84,9313.9875,8925.2325,9179.705,0.22146671395006393
1590278400,9181.0975,9304.825,8636.7325,8898.915,0.17436130522115434
1590451200,8900.6675,9228.3025,8692.4575,9210.6075,0.16044576274345387
1590624000,9207.9025,9608.7525,9110.165,9424.535,0.1640134344440727
1590796800,9426.3825,9754.3975,9328.15,9448.95,0.16812367764033964
1590969600,9446.96,10413.065,9241.5475,9523.3525,0.17615096652952952
1591142400,9519.505,9887.175,9366.23,9791.94,0.20074622647476403
1591315200,9793.39,9856.7025,9528.0775,9671.7825,0.2059063235326238
1591488000,9671.515,9904.565,9373.77,9782.51,0.21792445955838335
1591660800,9783.695,10010.6675,9563.3325,9893.4425,0.23539828845062677
1591833600,9894.88,9989.56,9065.3425,9464.24,0.1944468437975458
1592006400,9463.8075,9496.5925,9237.5025,9329.6975,0.14892994991154648
1592179200,9330.565,9591.99,8900.6275,9527.8625,0.13481763667152805
1592352000,9529.1525,9560.9925,9231.4375,9376.185,0.10583942843066228
1592524800,9374.175,9432.22,9157.9375,9357.655,0.08256577447230819
1592697600,9357.0375,9789.2375,9270.7025,9688.89,0.1019021383134811
1592870400,9691.105,9723.8025,9196.96,9287.6075,0.06291511400335108
1593043200,9286.41,9337.93,8985.61,9154.7425,0.02001638056931913
1593216000,9156.2025,9190.005,8820.86,9116.235,-0.014524083368307208
1593388800,9116.4575,9236.1375,9015.0975,9134.015,-0.0370654291533563
1593561600,9135.67,9298.875,8938.15,9093.3025,-0.059041956556694544
1593734400,9092.415,9195.8325,9037.0275,9140.565,-0.06829492492978215
1593907200,9140.645,9373.985,8909.995,9347.485,-0.04187407443485918
1594080000,9346.455,9481.8975,9203.28,9439.2625,-0.007701356119763471
1594252800,9440.375,9446.305,9105.285,9288.2275,-0.007448976274534181
1594425600,9291.46,9345.4575,9158.34,9302.385,-0.004831379637248087
1594598400,9303.9125,9351.015,9095.44,9254.7525,-0.011443318423542069
1594771200,9256.3625,9275.01,9021.5525,9131.8425,-0.039218984296938944
1594944000,9131.845,9213.22,9070.505,9176.77,-0.05032216481495588
1595116800,9176.23,9242.695,9107.7725,9163.4975,-0.06126512898659462
1595289600,9163.33,9568.7525,9157.2725,9536.005,0.013755601098002727
1595462400,9535.8875,9682,9454.82,9551.6625,0.06760757886614087
1595635200,9553.085,10184.4275,9537.345,9942.845,0.17730379569216662
1595808000,9942.1375,11418.6925,9935.68,10936.3525,0.37460689878872794
1595980800,10934.42,11354.1175,10824.9775,11128.7175,0.49079417079957127
1596153600,11128.4075,11887.3725,10977.225,11812.8525,0.5975200516131658
1596326400,11810.79,12123.25,10569.515,11236.735,0.5444903156685647
1596499200,11236.5325,11798.3125,11011.99,11755.6625,0.5413405052457986
1596672000,11756.68,11920.0825,11318.0175,11606.64,0.5166141104243056
1596844800,11607.3625,11818.0375,11533.1325,11687.8175,0.5050790331694471
1597017600,11688.64,12087.03,11128.875,11390.4325,0.4540495284685107
1597190400,11388.96,11803.0375,11154.1675,11795.9525,0.44217429980802003
1597363200,11796.93,11988.285,11654.565,11859.085,0.43772644801787247
1597536000,11860.2075,12479.03,11692.625,12305.01,0.4586996533767872
1597708800,12305.61,12400.5575,11572.7725,11759.73,0.39843475463289885
1597881600,11760.7725,11896.4925,11489.09,11529.71,0.33051382563041193
1598054400,11530.9,11714.815,11366,11650.9875,0.29294279374910676
1598227200,11653.5025,11826.32,11113.87,11327.7775,0.2289344372567476
1598400000,11327.705,11612.1975,11126.615,11320.96,0.18402040073637763
1598572800,11325.72,11584.415,11289,11476.0725,0.16459283631772498
1598745600,11475.4225,11781.8575,11465.86,11657.2675,0.16617620894489887
1598918400,11658.1025,12072.2525,11166.905,11397.7725,0.13568279572448594
1599091200,11397.7475,11477.3225,9924.1675,10470.58,0.01141235058980569
1599264000,10471.5225,10567.8575,9849.325,10258.09,-0.08600859896250504
1599436800,10258.355,10442.1825,9836.43,10126.5975,-0.16071249937539828
1599609600,10126.9275,10493.5,9984.3225,10346.9775,-0.18586239784303546
1599782400,10353.27,10480.1625,10204.6,10446.5425,-0.19138960371940242
1599955200,10447.61,10757.6625,10215.5675,10678.515,-0.1673147843843478
1600128000,10676.8725,11099.7125,10616.0875,10955.3775,-0.1176554917473785
1600300800,10953.6575,11047.5,10742.97,10935.2675,-0.08479358490849646
1600473600,10937.1075,11180.7775,10762.7825,10921.11,-0.06235101156467758
1600646400,10920.915,10993.4575,10264.16,10535.13,-0.08748643029350363
1600819200,10532.25,10793.0075,10136.78,10749.985,-0.07781783880935801
1600992000,10743.3475,10830.5425,10555.5225,10731.0575,-0.07310882577213813
1601164800,10731.4225,10952.065,10597.205,10694.3675,-0.07398118091712357
1601337600,10689.7125,10863.9625,10638.9925,10779.1975,-0.062481544244708316
1601510400,10781.775,10933.495,10376.45,10575.665,-0.08049756518645841
1601683200,10573.93,10695.945,10501.665,10673.18,-0.07829825992554307
1601856000,10671.41,10801.7125,10526.6975,10605.925,-0.08605909502113468
1602028800,10604.4575,10962.8675,10536.7925,10930.3575,-0.03775677146103651
1602201600,10930.75,11496.96,10834.735,11302.1025,0.051729820703556174
1602374400,11301.5225,11730.81,11188.1575,11535.7025,0.141298866832252
1602547200,11536.2125,11563.475,11294.5625,11429.41,0.18195258980943207
1602720000,11431.4725,11628.465,11203.2725,11325.495,0.19118059759386175
1602892800,11329.3775,11522.5275,11262.6325,11513.1325,0.22004780283196348
1603065600,11513.305,12059.84,11415.9425,11923.335,0.2852476435279744
1603238400,11924.4075,13246.91,11901.965,12985.925,0.4183151439221253
1603411200,12986.17,13177.5325,12730.4675,13127.4175,0.5001823754621039
1603584000,13125.275,13358.31,12785.0975,13071.8175,0.5401712898972999
1603756800,13070.675,13860.09,12895.8925,13286.15,0.5770356220455146
1603929600,13284.9025,13694.34,12981.235,13570.475,0.6144556794648307
1604102400,13573.2125,14095.095,13428.1875,13768.1925,0.6475226445706831
1604275200,13768.7125,14079.0225,13219.33,14037.9525,0.6799823343019344
1604448000,14039.165,15776.2175,13535.4775,15610.2425,0.7473807914517697
1604620800,15608.8575,15971.91,14344.0575,14838.965,0.6668810724936667
1604793600,14836.535,15851.17,14722.9175,15336.3475,0.6365122905202609
1604966400,15344.6825,15995.2525,15095.6375,15708.3125,0.6289810414568459
1605139200,15706.815,16492.71,15455.16,16342.135,0.6409128036348041
1605312000,16343.145,16344.37,15717.085,15969.7475,0.6068978069786164
1605484800,15970.3225,17877.73,15880.955,17683.04,0.6281529803958794
1605657600,17680.9875,18488.8075,17166.6225,17825.9375,0.6434463844934114
1605830400,17826.62,18978.125,17767.41,18719.7725,0.6702864615102833
1606003200,18721.2125,18780.865,17612.955,18390.1275,0.6571800902803819
1606176000,18385.2675,19499.825,18066.4375,18727.64,0.6549029350011061
1606348800,18723.79,18911.8575,16210.25,17152.92,0.5219223541493009
1606521600,17155.465,18356.78,16877.7075,18197.3175,0.4670235034897114
1606694400,18201.185,19930.2625,17817.1475,18779.14,0.44807084532788144
1606867200,18778.85,19617.0375,18340.775,19449.8775,0.45269632080420835
1607040000,19442.015,19546.265,18505.5,19159.9025,0.43703227859395033
1607212800,19160.87,19432.1425,18873.605,19178.0925,0.4268256519233052
1607385600,19182.1275,19299.675,17634.8075,18551.52,0.3784720172264835
1607558400,18548.5225,18559.9175,17575.405,18035.185,0.31185859025082835
1607731200,18030.74,19416.4575,18021.5375,19164.8025,0.303325061253323
1607904000,19160.14,19562.59,18987.4775,19442.235,0.3066590931431408
1608076800,19441.39,23771.485,19295.1975,22824.125,0.4052852400924163
1608249600,22823.2075,24222.145,22339.66,23856.9625,0.4821500736589484
1608422400,23856.13,24298.685,21894.5975,22729.9375,0.46703882785318385
1608595200,22739.8975,24090.325,22375.885,23234.965,0.46713876137875743
1608768000,23228.25,24775.6625,22712.935,24705.6075,0.4928960776242936
1608940800,24712.245,28378.285,24493.8325,26259.1225,0.5331092318313531
1609113600,26244.505,27474.655,25840.645,27370.3625,0.5732093637738039
1609286400,27371.025,29307.5225,27332.21,28980.4525,0.6175171973255565
1609459200,28976.325,33296.94,28697.7925,32223.72,0.6758414587396602
1609632000,32213.8175,34789.25,27741.085,32028.2225,0.7018709182836124
1609804800,32042.0275,37017.4575,29913.0975,36873.235,0.7496193119912256
1609977600,36870.75,41993.84,36214.3875,40658.6275,0.7939169710211689
1610150400,40657.505,41452.4575,34530.2675,38173.345,0.7361595672007355
1610323200,38170.4125,38270.6825,30228.2825,34034.27,0.585716855967705
1610496000,34033.685,40117.0575,32329.7975,39139.71,0.5361214325191761
1610668800,39135.6625,39694.275,34350.89,36010.045,0.4440924068224785
1610841600,36009.2125,37430.2675,33850.635,36625.1225,0.3942377105857553
1611014400,36635.3575,37881.4775,33390.2525,35502.5025,0.34224187352031404
1611187200,35506.705,35625.29,28876.7525,33001.7675,0.26539891933243154
1611360000,32993.905,33483.285,30949.995,32291.01,0.2025229190119055
1611532800,32293.7375,34883.565,30831.8925,32513.14,0.16106231301283344
1611705600,32518.9325,33935.67,29188.3475,33460.75,0.142413334450981
1611878400,33465.565,38619.21,31987.0675,34321.5575,0.1396281470809865
1612051200,34313.79,34716.1675,32198.425,33538.6675,0.12405252085100928
1612224000,33525.58,37731.73,33447.0525,37688.8725,0.1682137948750937
1612396800,37695.575,38759.6525,36191.795,38309.9425,0.20597921495506014
1612569600,38324.045,41002.87,37398.695,38868.57,0.2393955598733818
1612742400,38877.0325,48209.83,38060.915,46507.4325,0.3466915849940828
1612915200,46513.2875,48696.6625,43737.6775,47987.3325,0.4246108648997654
1613088000,48003.775,48953,46252.0625,47230.7775,0.45898504559444536
1613260800,47243.4525,49703.665,45805.93,47935.8025,0.4874509186152935
1613433600,47954.68,52682.1,47042.8425,52161.055,0.5364205816199376
1613606400,52152.79,56381.95,50633.93,55970.9075,0.5906998631296524
1613779200,55977.665,58385.435,53990.5,57492.04,0.6329980857385782
1613952000,57489.645,57579.39,44927.8325,48910.7625,0.4903189370858636
1614124800,48912.6,52083.2225,46706.2525,47074.9725,0.3769213660482311
1614297600,47064.12,48465.585,44135.8775,46167.6375,0.29232863948482707
1614470400,46143.98,49832.155,43022.665,49638.7375,0.2649268392348494
1614643200,49636.5,52664.005,47067.8375,50383.17,0.252977119465805
1614816000,50387.995,51810,46280.6975,48754.165,0.22207468223578772
1614988800,48769.7,51471.6825,47092.015,50977.285,0.22047679924706395
1615161600,50978.235,54932.065,49328.4025,54923.065,0.25386157635608564
1615334400,54923.3825,58134.7725,53033.75,57804.9625,0.29954601192808217
1615507200,57844.1125,61769.97,55037.8,61173.205,0.3549496604831267
1615680000,61182.42,61675.9225,54579.2,55628.8325,0.3112308921371936
1615852800,55619.235,58986.6325,53045.1725,58917.345,0.3071220758635844
1616025600,58935.775,60070.81,56255.4975,58090,0.29357863394365213
1616198400,58047.6425,59911.25,55520.0975,57378.6275,0.27494698213805374
1616371200,57389.9675,58433.005,52986.0075,54364.5825,0.22230141112528123
1616544000,54344.6,57215.575,50372.0775,51324.1225,0.1481127062038914
1616716800,51313.0725,56654.62,51259.3725,55853.0675,0.13881508515904803
1616889600,55847.195,58463.2875,54695.105,57610.7275,0.1481812840179432
1617062400,57617.5475,59804.0425,56820.2625,58793.155,0.16493848328539013
1617235200,58787.5975,60070.765,57932.2,59004.0675,0.17858335984737575
1617408000,58990.5175,59818.0025,56478.295,58210.9525,0.1779499670359098
1617580800,58211.5525,59470.1625,56811.98,58022.615,0.1748426483401868
1617753600,58026.6,58656.4725,55437.9825,58075.6975,0.17304903949417283
1617926400,58065.4275,61207.0475,57638.99,59776.6,0.19064788352679995
1618099200,59773.855,61207.6625,59180.2275,59839.575,0.2046425651541644
1618272000,59834.645,64898.555,59790.0525,62974.7825,0.2519144003702755
1618444800,62966.465,63843.0775,60061.4025,61438.79,0.25593329701382206
1618617600,61440.35,62596.0475,51120.145,56271.87,0.16309541098334226
1618790400,56257.9175,57613.09,53408.7675,56501.88,0.10591969821947127
1618963200,56493.93,56818.145,50447.9375,51704.1075,-0.0059534563418045415
1619136000,51700.0375,52133.46,47449.9875,50107.2925,-0.098103998985356
1619308800,50111.84,54410.9625,47012.0525,54059.8475,-0.09804756327032998
1619481600,54044.9225,56487.7225,53331.4425,54895.465,-0.08589982823893647
1619654400,54890.7475,58036.4525,52382.2825,57789.0575,-0.037216185747831414
1619827200,57791.435,58544.5525,56085.4775,56625.7675,-0.019806378144319455
1620000000,56617.0825,58988.98,53085.2875,53239.4225,-0.05087686382512931
1620172800,53225.2725,58426.74,52946.1525,56439.795,-0.02870904404744295
1620345600,56437.5075,59551.37,55300.0825,58969.925,0.017447837446975836
1620518400,58964.3875,59594.7475,53501.0775,55879.4175,0.009194436207901046
1620691200,55872.7375,58011.03,48496.25,49459.7575,-0.06901905129774183
1620864000,49450.7875,51680.7675,45425,49890.035,-0.11208334105698464
1621036800,49895.6275,50746.59,43779.675,46456.4725,-0.17283402539622447
1621209600,46453.9,46645.2125,42098.05,42879.025,-0.2428634007772941
1621382400,42891.2675,43585.1975,29641.5,40612.6375,-0.3057924437473481
1621555200,40609.395,42286.12,33513.86,37485.48,-0.36910196324501987
1621728000,37477.6875,39967.605,31100.325,38853.5125,-0.3915199991304398
1621900800,38858.4525,40889.7,36489.3825,39294.965,-0.4003980892404599
1622073600,39295.2675,40425.205,34668.8075,35685.1975,-0.42977396886640445
1622246400,35687.235,37323.2525,33397.8725,35676.71,-0.4502247188828464
1622419200,35670.66,37923.395,34194.55,36685.2475,-0.44798941232361106
1622592000,36685.9975,39484.6825,35926.55,39229.3325,-0.402710490740188
1622764800,39239.695,39272.9225,34831.93,35536.965,-0.39788237931506365
1622937600,35536.7,36807.27,33330.3475,33584.455,-0.408681263248608
1623110400,33569.8925,37547.8775,31011.84,37401.73,-0.3524931295937362
1623283200,37413.4225,38426.9825,35812.015,37336.5825,-0.3153932843662553
1623456000,37336.5875,39396.4125,34650.365,39026.525,-0.2625272855746835
1623628800,39026.76,41346.485,38750.87,40174.73,-0.20736142697959517
1623801600,40165.33,40497.1525,37373.78,38078.7175,-0.19009861794006291
1623974400,38084.62,38208.0925,34824.45,35496.7275,-0.20529891446564302
1624147200,35490.5575,36126.265,31253.715,31628.705,-0.254444980687986
1624320000,31613.265,34902.905,28754.4,33676.2075,-0.25400733744535775
1624492800,33690.8925,35406.58,31288.2575,31594.5075,-0.2732019319546766
1624665600,31589.3075,34742.985,30144.49,34690.9775,-0.23699052073349772
1624838400,34706.3675,36650.9475,33875.2425,35907.5775,-0.1944193784845912
1625011200,35899.955,36095.705,32711.0625,33534.25,-0.1896719288909442
1625184000,33519.6675,34946.3375,32706.545,34684.7125,-0.16921847708121543
1625356800,34682.1675,35961.4025,33120.04,33697.2525,-0.16563636810509136
1625529600,33704.8575,35107.0525,33473.995,33882.7525,-0.16016322643682088
1625702400,33876.09,34110.12,32106.4,33818.1725,-0.15690102265806433
1625875200,33824.505,34614.3225,33014.06,34251.9575,-0.1468036762952501
1626048000,34265.07,34670.7275,32199.885,32724.8375,-0.16011299678965765
1626220800,32733.18,33186.2225,31117.86,31856.78,-0.18214649942774566
1626393600,31878.485,32256.475,31028.84,31527.1125,-0.20327204441303806
1626566400,31519.79,32442.1125,30414.8975,30830.1625,-0.22949145904480825
1626739200,30831.7525,32873.705,29292.725,32135.375,-0.21728226416404547
1626912000,32136.545,33657.71,31721.8925,33654.6525,-0.1712401661270677
1627084800,33655.2825,35446.245,33425.55,35428.2675,-0.09700482145195148
1627257600,35430.06,40570.17,35263.77,39484.85,0.03731379159920467
1627430400,39470.8,40925.1625,38799.6525,40029.9225,0.13172446812541097
1627603200,40032.8975,42406.4825,38342.1175,41493.865,0.2174702757268955
1627776000,41497.9925,42604.7975,38684.4075,39156.295,0.21990673462738547
1627948800,39153.2425,39965.75,37497.5125,39728.1325,0.22981877536536818
1628121600,39734.64,43390.41,37316.515,42839.7175,0.2797081537547328
1628294400,42863.7275,45363.41,42415.8175,43842.615,0.32473214581523663
1628467200,43835.855,46723.825,42818.5,45599.3,0.37530367850050456
1628640000,45600.155,46770.0225,43778.62,44424.67,0.37994612079620316
1628812800,44415.9,48178.0075,44254.8975,47115.0775,0.412105354513891
1628985600,47119.12,48067.1475,45521.2425,45917.8125,0.4036641269548308
1629158400,45916.9025,47173.3075,44224.0825,44714.75,0.36866751993204133
1629331200,44722.4525,49409.025,43948.2675,49343.1725,0.3947914827348982
1629504000,49345.1575,49814.37,48078.0475,49288.8975,0.4100291389817178
1629676800,49291.6275,50526.825,47602.265,47713.01,0.38357881915432573
1629849600,47688.3725,49367.03,46299.31,46858.64,0.3460677058589211
1630022400,46850.485,49315.5225,46370.1425,48925.0275,0.34323841785628634
1630195200,48928.4425,49659.25,46864.1375,46995.615,0.29825470413785965
1630368000,46986.4875,49126.2375,46536.1875,48852.315,0.2900711181135528
1630540800,48850.72,51042.5625,48354.035,50022.6475,0.2984308449757878
1630713600,50026.1,51898.5725,49391.555,51791.6375,0.32471092367165855
1630886400,51791.6625,52935.0525,42582.695,46878.23,0.2384243612770512
1631059200,46892.055,47403.8325,44430.98,46392.3625,0.17512320069258588
1631232000,46385.2775,47033.715,44139.39,45164.76,0.1109785184818452
1631404800,45166.2275,46892.955,43409.975,44961.89,0.0635464771883642
1631577600,44965.6,48469.2325,44691.12,48150.2275,0.07879354057673375
1631750400,48158.4975,48497.6975,46741.36,47291.0575,0.0741159375028905
1631923200,47298.785,48817.1475,46855.7225,47249.3475,0.07011253754222259
1632096000,47252.6175,47335.07,39585.5525,40685.64,-0.042775637673965444
1632268800,40718.395,45002.47,40582.81,44897.02,-0.04480903238469783
1632441600,44894.0825,45167.6775,40705.64,42712.155,-0.07502523416334785
1632614400,42705.0675,44356.915,40803.7225,42177.77,-0.10076943874568906
1632787200,42167.305,42770.0125,40759.145,41533.695,-0.12597382171077454
1632960000,41527.9675,48492.67,41420.145,48166.92,-0.043840211276311325
1633132800,48172.96,49260.6875,47128.77,48235.595,0.008441730173788482
1633305600,48232.78,51909.185,46909.795,51501.91,0.08363510649511484
1633478400,51501.8725,55781.7775,50405.2625,53798.51,0.15848641987638162
1633651200,53810.2225,56136.42,53649.3575,54966.9725,0.22020909896597562
1633824000,54971.6475,57881.68,53336.705,57493.035,0.28621309443587967
1633996800,57487.2875,57775.755,53928.4425,57376.32,0.3293159383008221
1634169600,57379.6475,62910.11,56823.96,61668.5875,0.39527238912064294
1634342400,61688.45,62367.02,58928.515,61532.1675,0.43714888621038933
1634515200,61527.5475,64486.28,59681.7175,64280.3625,0.4860034882408324
1634688000,64292.1875,66998.105,59854.505,62210.005,0.47842093168790445
1634860800,62204.89,63752.7,59635.73,61316.555,0.4555541199717637
1635033600,61301.285,63715.95,59515.2225,63087.9,0.4528940139320573
1635206400,63089.0325,63292.3475,58110.1525,58473.77,0.3619142154268304
1635379200,58482.7425,62968.385,57381.72,62279.4025,0.33597838598654123
1635552000,62274.69,62444.16,60013,61357.63,0.30381993326573903
1635724800,61359.0625,64311.5,59484.82,63266.1025,0.29945783673975673
1635897600,63269.015,63558.8625,60252.19,61450.845,0.26653776065552043
1636070400,61443.3825,62984.2525,60121.1775,61543.7625,0.2447578381844297
1636243200,61539.35,67792.0125,61397.2175,67556.4625,0.28794307214339554
1636416000,67551.1575,68997.75,62821.195,64936.2625,0.27336890366558647
1636588800,64929.27,65606.06,62442.585,64153.3275,0.2515187045027414
1636761600,64147.49,65507.465,63404.665,65502.47,0.2494301086567288
1636934400,65502.4725,66354.41,58611.3025,60127.2875,0.16634836123639782
1637107200,60114.9425,60974.0625,56514.1925,56912.3075,0.07009058702683263
1637280000,56907.94,59861.175,55174.75,59739.2175,0.039688398848841816
1637452800,59734.23,60026.0275,55637.9325,56312.4125,-0.019326525313146617
1637625600,56340.57,57868.97,55383.145,57180.3325,-0.04767987081557455
1637798400,57167.12,59422.46,53539.2575,53871.2875,-0.10126360600704265
1637971200,53745.595,57450.68,53479.41,57322.77,-0.09470479844740105
1638144000,57319.83,59200.38,55970.35,57014.33,-0.0934255204379181
1638316800,56962.59,59103.77,55848.27,56552.32,-0.09730504125468734
1638489600,56529.34,57592.54,41631.28,49231.66,-0.17272839168829524
1638662400,49347.03,50986.65,47196.01,50547.88,-0.20408955761922584
1638835200,50543.04,51935.25,48702.93,50518.96,-0.22554132042020394
1639008000,50535.33,50804.94,47009.3,47229.01,-0.26888795825348727
1639180800,47492.5,50764.21,47037.41,50112.02,-0.25684663228922827
1639353600,50020.94,50164.22,45851.79,48378.82,-0.26334357757700444
1639526400,48404.61,49468.49,46604.75,47656.12,-0.2740018908481828
1639699200,47692.79,48002.84,45549.31,46893.49,-0.2882283823552294
1639872000,46860.38,48256.69,45593.54,46921.46,-0.2981511382451252
1640044800,46925.73,49598.23,46663.84,48625.01,-0.27608118671324655
1640217600,48493.68,51816,48047.23,50835.68,-0.22171246965573965
1640390400,50858.64,51281.06,49451.85,50801.7,-0.18296046429573043
1640563200,50818.91,52103.63,47311.01,47564.01,-0.19393289202357095
1640736000,47574.12,48144.09,45952.52,47141.1,-0.20670603072841356
1640908800,47143.37,48583.53,45628.36,46195.56,-0.2274783219406835
1640995200,46252.09,47953,46242.47,47323.62,-0.22004049612031973
1641168000,47274.71,47577.04,45537.8,45838.87,-0.2339395229965454
1641340800,45890.21,47013.29,42462.88,43115.92,-0.2780893276476946
1641513600,43032.41,43125.77,40563.57,41687,-0.3249249755680456
1641686400,41666.76,42772.86,39896.66,41837.29,-0.3538201904138665
1641859200,41829.85,44283.76,41297.98,43929.15,-0.3246940246237764
1642032000,43921.14,44443.4,41798.03,43092.97,-0.3146458354951906
1642204800,43062.33,43771.04,42538.93,43108.81,-0.30711844326303284
1642377600,43077.48,43173.41,41300.16,42376.79,-0.3114619462977005
1642550400,42385.36,43489.52,40559.86,40675.73,-0.3378213133701922
1642723200,40760.06,41121.02,34115.29,35064.16,-0.423898164865995
1642896000,35141.41,37648.12,32992.55,36706.69,-0.43372757108483123
1643068800,36616.82,38781.63,35754.82,36838.86,-0.4366158201451286
1643241600,36879.06,38016.6,35526.14,37747.68,-0.4151213487600646
1643414400,37756.65,38714.12,37309.76,37929.9,-0.39541169405014825
1643587200,37913.28,39288.75,36651.03,38723.35,-0.3601281000370924
1643760000,38739.08,38883.73,36266.35,37322.6,-0.35277943847053495
1643932800,37325.51,41969,37059.76,41418.02,-0.24273911689382915
1644105600,41422.08,44532.39,41128.25,43869.2,-0.11925414824966209
1644278400,43879.07,45515.27,42905.98,44420.56,-0.029803415534707854
1644451200,44416.64,45866.71,41991.63,42397.41,-0.0064984159403909765
1644624000,42394.52,43042.28,41755.81,42073.76,0.003209318571617052
1644796800,42074.56,44776.3,41575.24,44573.39,0.054204529798572765
1644969600,44574.41,44579.93,40091.38,40546.12,0.01408173163573479
1645142400,40538.77,40977.97,39436.35,40104.1,-0.018638675831381825
1645315200,40101.21,40144.23,36810.66,37032.64,-0.08868399146474319
1645488000,37026.12,39282.1,36363.75,37261.73,-0.1300439468255916
1645660800,37262.01,39729.11,34329.29,39232.14,-0.12130302595791385
1645833600,39237.21,40308.98,37017.28,37711.29,-0.13733667899008767
1646006400,37712.31,44977.36,37460.14,44438.27,-0.0314905499519363
1646179200,44439.96,45352.71,41822.22,42466.71,0.0030860376799379382
1646352000,42467.35,42519.83,38585.79,39406.8,-0.0180977570362516
1646524800,39401.93,39701.48,37166.86,38008.62,-0.04965730126987968
1646697600,38000.69,42592.68,37869.55,41964.16,-0.015938698543736488
1646870400,41952.6,42048.38,38246.21,38735.35,-0.034532429188502065
1647043200,38734.32,39474.46,37592.35,37790.82,-0.05754900862437195
1647216000,37785.75,39909.2,37572.55,39311.59,-0.052985039833314415
1647388800,39307.23,41705.33,38846.01,40951.81,-0.02842077870642511
1647561600,40950.66,42403.4,40139.42,42228.16,0.005054893888969024
1647734400,42229.39,42319.17,40516.26,41027.61,0.012691045605003818
1647907200,41017.81,43372.45,40899.99,42910.55,0.04268540370288599
1648080000,42906.53,45124.29,42629.48,44325.51,0.08196913017457777
1648252800,44331.57,46953.03,44106.48,46856.67,0.14085513210860173
1648425600,46852.57,48222.96,46675.45,47454.07,0.18873187198552124
1648598400,47450.46,47715.01,45228.06,45526.92,0.1892846902552608
1648771200,45520.97,47211.05,44245.62,45821.46,0.19322203768566187
1648944000,45821.98,47455.7,45132.91,46602.28,0.20582170144963952
1649116800,46580.72,47193.33,43112.19,43181.76,0.15049257030002738
1649289600,43173.92,43985.73,42115.73,42281.62,0.09652194896891184
1649462400,42267.51,43435.06,41869.98,42155.88,0.05630534623024787
1649635200,42161.99,42417.74,39219.44,40087.3,-0.008603683169032861
1649808000,40090.95,41556.94,39580.03,39953.82,-0.056796371483649535
1649980800,39957.1,40862.57,39785.8,40389.5,-0.08345974108861226
1650153600,40384.85,41087.55,38556.58,40809.49,-0.09438640929355778
1650326400,40810.1,42218.37,40585.35,41375.16,-0.08990710251651039
1650499200,41375.89,43003.88,39175.31,39719.22,-0.11836909834354072
1650672000,39711.92,39981.3,38995.74,39465.69,-0.14381657120529853
1650844800,39460.95,40794.44,37693.25,38123.48,-0.18819782400067467
1651017600,38117.16,40376.47,37893.12,39748.89,-0.17468963960867043
1651190400,39748.42,39921.99,37596.05,37648.79,-0.2049745169681091
1651363200,37644.98,39169.7,37403.24,38511.75,-0.20134448432847543
1651536000,38507.81,40032.42,37511.38,39680.04,-0.16709489589933474
1651708800,39678.74,39840.3,35264.49,36010.24,-0.21114156850708057
1651881600,36010.16,36116.92,33707.22,34027.56,-0.26971575334518066
1652054400,34035.88,34225.88,29741.87,31001.31,-0.3471246987203777
1652227200,31004.06,32150.74,25365.62,28928.01,-0.41782046416489943
1652400000,28937,30977.75,28578.66,30040.99,-0.43335778544271614
1652572800,30046.96,31405.52,29061.24,29832.75,-0.4456377094464537
1652745600,29838.75,30745.25,28602.82,28672.03,-0.46564598017203795
1652918400,28667.77,30727.4,28649.15,29166.42,-0.4660163302878354
1653091200,29168.29,30467.74,28919.32,30264.11,-0.43551240116419543
1653264000,30260.6,30630.21,28631.6,29630.68,-0.42099497287847965
1653436800,29627.35,30189.57,27877.5,29175.27,-0.41598978196697817
1653609600,29169.81,29363.81,28242.22,29013.09,-0.4143760173598283
1653782400,29013.88,32199.46,28813.58,31719.73,-0.3292458177535998
1653955200,31706.31,32384.54,29313.75,29787.13,-0.30085913108388834
1654128000,29789.19,30865.18,29239.09,29673.24,-0.2835368176723712
1654300800,29678.33,30154.16,29453.43,29899.4,-0.26468269959557383
1654473600,29902.42,31737.04,29192.73,31107.6,-0.21540322376145377
1654646400,31104.91,31303.34,29837.64,30080.69,-0.2003611610425993
1654819200,30078.77,30334.78,28085.65,28387.02,-0.22264861007949321
1654992000,28395.94,28511.91,21920.2,22458.28,-0.33538456758905194
1655164800,22445.38,23297.6,20076.43,22560.52,-0.3972689371215806
1655337600,22558.72,22960.59,20200,20441.06,-0.4605191453910917
1655510400,20440.54,20790.46,17585.31,20552.98,-0.4976158681733343
1655683200,20550.63,21703.63,19616.49,20702.57,-0.5183482038807617
1655856000,20702.41,21205.32,19750.68,21096.53,-0.5204601285008341
1656028800,21099.88,21589.19,20720.29,21481.56,-0.5091181956783402
1656201600,21478.41,21867.79,20498.95,20711.61,-0.5095316813067019
1656374400,20721.5,21185.59,19827.51,20091.47,-0.5171218936900485
1656547200,20096.49,20883.93,18608.03,19248.11,-0.532750305257234
1656720000,19254.56,19634.97,18758.64,19292.67,-0.542377610415572
1656892800,19294.22,20726.41,19032.26,20162.71,-0.5126501380102266
1657065600,20161.75,21840.99,19747.43,21621.52,-0.4300625021522336
1657238400,21617.25,22468.69,21174.43,21582.02,-0.37249091282429253
1657411200,21580.64,21592.66,19867.27,19946.61,-0.36227756506040043
1657584000,19945.38,20338.83,18901.64,20229.58,-0.34372108166184695
1657756800,20222.12,21188.96,19608.42,20828.63,-0.3059714076787837
1657929600,20825.38,21665.08,20477.83,20793.29,-0.2797047565175596
1658102400,20790.02,23795.06,20761.84,23402.53,-0.157045994185447
1658275200,23399.61,24277.96,22345.38,23158.95,-0.0834187792900065
1658448000,23156.26,23755.2,21947.3,22459.15,-0.05410245955263755
1658620800,22459.72,23012.75,21255.86,21306.56,-0.06897894635368493
1658793600,21308.58,23119.04,20709.26,22964.43,-0.023956889254666165
1658966400,22969.77,24459.8,22565.49,23789.6,0.030504917611819157
1659139200,23788.07,24675.03,23244.64,23315.95,0.05151811110544967
1659312000,23304.94,23513.82,22661.04,22994.19,0.05533958574753278
1659484800,22995.62,23645.97,22402.03,22621.93,0.04541863444697925
1659657600,22627.17,23476.23,22589.71,22952.69,0.048857970123391374
1659830400,22957.86,24255.61,22852.87,23820.8,0.0795343966956035
1660003200,23816.39,24220.67,22675.92,23961.97,0.10601386623957909
1660176000,23960.8,24916.85,23604.07,24413.41,0.14012672964310563
1660348800,24417.98,25045.61,24160.5,24314.02,0.16065990522062168
1660521600,24315.41,25207.71,23673.02,23865.17,0.15443405653144507
1660694400,23862.83,24441.29,23108.12,23196.34,0.11719984854064115
1660867200,23192.52,23200.62,20765.5,21140.87,-0.0014598050162139774
1661040000,21144.06,21794.33,20899.1,21404.35,-0.06654197492190611
1661212800,21404.18,21902.85,20897.17,21370.71,-0.11191982566601406
1661385600,21368.69,21873.84,20110.97,20246.01,-0.1840592967224219
1661558400,20240.68,20377.76,19522.36,19550.11,-0.25520027103275766
1661731200,19553.98,20573.94,19548.34,19811.34,-0.289438336134903
1661904000,19821.28,20484.35,19565.74,20127.44,-0.2957024138553095
1662076800,20130.6,20438.37,19660.86,19835.94,-0.3092196762202858
1662249600,19835.06,20051.5,19594.03,19791.58,-0.32042219061503324
1662422400,19794.9,20176.77,18535.47,19285.24,-0.34521028020223893
1662595200,19295.25,21602.83,19017.93,21370.03,-0.23209079958371115
1662768000,21373.53,21861.88,21128.5,21839.13,-0.13565335168552944
1662940800,21834.42,22792.25,19886.26,20174.25,-0.13764702760418526
1663113600,20174.37,20530.59,19499.83,19699.88,-0.1556888908065613
1663286400,19703.79,20186.28,19322.35,20117,-0.1475942861474075
1663459200,20117.31,20119.33,18249.97,19538.12,-0.1623180624763671
1663632000,19536.8,19910.47,18152.13,18456.46,-0.2081243922573431
1663804800,18463.28,19517.69,18365.63,19289.97,-0.198088252308734
1663977600,19288.92,19308.2,18635.45,18808.52,-0.2066483053839557
1664150400,18807.41,20381.29,18689.95,19081.15,-0.19934247529319246
1664323200,19082.54,19773.28,18478.88,19594.92,-0.16934259070877325
1664496000,19596.28,20177.32,19154.78,19315.3,-0.15806639296939373
1664668800,19313.69,19710.87,18930.01,19634.52,-0.13409444015335886
1664841600,19633.27,20470.34,19500.47,20163.1,-0.09042501636310431
1665014400,20161.99,20449.26,19331.34,19532.76,-0.08584932479072804
1665187200,19533.12,19625.63,19237.18,19445.94,-0.08635388017797747
1665360000,19442.08,19525.27,18857.22,19056.5,-0.10406592346519586
1665532800,19057.97,19503.13,18160.71,19380.96,-0.09863865585343261
1665705600,19378.24,19946.71,18995,19069.45,-0.10949200798944524
1665878400,19071.81,19672.82,19067.87,19550.45,-0.08837393280607325
1666051200,19549.83,19699.91,19072.51,19125.59,-0.09498476008075951
1666224000,19127.11,19345.26,18660.53,19166.92,-0.09708195570674963
1666396800,19169.34,19689.18,19077.69,19572.38,-0.07197913028029573
1666569600,19573.54,20412.72,19163.48,20086.89,-0.02063196457387767
1666742400,20089.41,21018.53,20061.9,20292.62,0.028544789087763665
1666915200,20292.45,21077.68,20006.33,20820.06,0.09548954831531928
1667088000,20819.83,20931.45,20243.83,20495.81,0.11850103685324961
1667260800,20493.23,20817.63,20058.5,20153.01,0.10906396086356199
1667433600,20152.86,21303.83,20041.07,21150.52,0.15997866672671662
1667606400,21152.19,21473.69,20894.77,20914.74,0.17538484320845527
1667779200,20906.7,21069.48,17228.9,18547.62,0.026410052811434326
1667952000,18544.75,18585.85,15563.5,17557.04,-0.10579926457806293
1668124800,17556.68,17645.49,16355.39,16777.14,-0.21350180529050677
1668297600,16777.98,17149,15791.2,16590.41,-0.285348348239964
1668470400,16589.69,17100.32,16344.17,16647.91,-0.3288263958232037
1668643200,16651.97,16977.5,16403.68,16681.04,-0.35682400699224176
1668816000,16684.05,16799.22,16160.45,16255.15,-0.3903110811503941
1668988800,16253.6,16284.5,15473.78,16195.94,-0.41624186172642913
1669161600,16198.75,16792.07,16146.9,16587.76,-0.4049440430444527
1669334400,16587.42,16687.82,16340.38,16452.93,-0.4012938101141366
1669507200,16451.83,16591.49,16000.41,16209.05,-0.40733606661459987
1669680000,16207,17244.8,16097.09,17167.82,-0.33072224490022495
1669852800,17168.27,17296.93,16797.56,17094.08,-0.28117383806576174
1670025600,17092.77,17201.03,16871.05,17113.75,-0.24409448913035145
1670198400,17109,17430.54,16876.59,17088.31,-0.21798954124035688
1670371200,17090.1,17296.99,16701.15,17229.24,-0.18596210570690888
1670544000,17228.56,17353.8,17067.41,17130.07,-0.16802384515158003
1670716800,17130.32,17267.94,16873.53,17210.86,-0.1465855791020017
1670889600,17213.08,18376.59,17092.27,17804.11,-0.07322081299089928
1671062400,17806.08,17940.77,16546.38,16633.41,-0.11287513708945497
1671235200,16634.35,16861.56,16587.81,16745.81,-0.12766657076812257
1671408000,16744.57,17043.67,16270.67,16902.24,-0.12338164068681269
1671580800,16900.14,16923.14,16563.79,16819.09,-0.12638865241488387
1671753600,16818.25,16936.17,16742.61,16840.65,-0.12646448750559053
1671926400,16840.57,16930.6,16714.32,16914.61,-0.11902838230126582
1672099200,16917.32,16964.08,16460.01,16538.67,-0.14434532700327757
1672272000,16539.03,16658.72,16332.92,16597.22,-0.1560373801303304
1672444800,16596.97,16629.01,16467.08,16528.89,-0.17050866174094187
1672531200,16530.33,16781.17,16491.36,16668.94,-0.16359837002252625
1672704000,16666.94,16983.62,16598.88,16849.16,-0.13499872471080201
1672876800,16848.84,17032.24,16673.14,16950.52,-0.10056503819730127
1673049600,16951.53,17164.44,16899.87,17124.86,-0.051981545714146114
1673222400,17126.45,17492.41,17106.94,17443.89,0.024114209068083852
1673395200,17442.9,19109.16,17311.01,18852.7,0.2201560682885463
1673568000,18855.18,21367.25,18720.22,20959.43,0.45005696030297543
1673740800,20962.42,21465.41,20550.57,21189.86,0.564408215120767
1673913600,21189.6,21645.96,20384.36,20676.07,0.5705095416128027
1674086400,20673.54,22752.89,20649.06,22679.14,0.6243557784588056
1674259200,22676.08,23380.23,22306.21,22717.7,0.6539430018551791
1674432000,22715.43,23171.41,22466.49,22638,0.6649123988888246
1674604800,22636.48,23821.58,22328.42,23011.11,0.6787580754489613
1674777600,23017.09,23501.87,22532.21,23031.1,0.688510008080186
1674950400,23032.78,23955.86,22505.55,22832.84,0.676366742924011
1675123200,22835.22,23808.19,22726.7,23729.85,0.684489165112608
1675296000,23730.77,24264.14,23214.88,23437.07,0.6616487864021273
1675468800,23430.62,23584.32,22761.44,22938.34,0.5982833911131071
1675641600,22939.02,23344.44,22631.11,23250.93,0.5625234966554944
1675814400,23250.06,23445.5,21696.5,21797.75,0.4124965596432734
1675987200,21797.02,21937.83,21463.12,21864.96,0.31985701888279994
1676160000,21865.3,22088.75,21370.29,21789.63,0.2516528667767232
1676332800,21790.36,24374.94,21543.63,24330.81,0.3072804553373895
1676505600,24335.35,25262.85,23354.04,24578.37,0.34779524300158376
1676678400,24576.19,25191.11,24198.25,24288.51,0.3543212464129508
1676851200,24283.39,25259.72,23857.23,24449.26,0.3636950134264533
1677024000,24448.47,24598.44,23590.24,23943.19,0.33614132464791924
1677196800,23945.29,24130.06,22747.36,23164.72,0.266766807017657
1677369600,23164.52,23889.05,23064.16,23492.91,0.23218040708537946
1677542400,23491.06,23987.86,23034.79,23638.25,0.21394123670132456
1677715200,23634.19,23797.66,21997.01,22394,0.12631746444478784
1677888000,22393.97,22665.46,22163.98,22428.98,0.06956974946505652
1678060800,22428.86,22598.04,21927.51,22201.83,0.017499409429447523
1678233600,22203.58,22282.92,19858.83,20346.9,-0.10983931902782072
1678406400,20349.67,21214.12,19559.36,20726.52,-0.16842965592135944
1678579200,20718.5,24654.18,20521.97,24218.48,-0.030758528282153724
1678752000,24225.5,26534.12,23932.29,24376.05,0.0498623239250143
1678924800,24373.6,27826.18,24217.9,27454.54,0.1949410926408673
1679097600,27457.67,28473.58,26665.21,28051.94,0.2898066710795184
1679270400,28068.32,28569.81,27227.59,28190.61,0.3506215804611708
1679443200,28185.77,28919.3,26670.82,28342.19,0.39378039558678474
1679616000,28344.44,28662.2,27032.26,27492.9,0.3851897409635486
1679788800,27491.6,28228.18,26527.13,27140.89,0.3633860503485904
1679961600,27140.74,28639.76,26634.82,28349.29,0.3736714050795467
1680134400,28360.29,29182.1,27524.59,28475.84,0.3833877940096787
1680307200,28476.44,28816.28,27875.95,28189.84,0.37650430490059034
1680480000,28187.21,28514.75,27231.58,28177.64,0.3708685892853327
1680652800,28176.04,28786.04,27709.94,28048.62,0.35974765670914644
1680825600,28054.16,28173.63,27792.58,27961.12,0.3463240619079161
1680998400,27959.95,29795.87,27820.74,29655.48,0.38323761901474
1681171200,29655.9,30578.14,29612.84,29905.89,0.41509148310327276
1681344000,29908.39,31046.25,29880.12,30495.03,0.45214928967684953
1681516800,30495.41,30622.66,30152.03,30325.58,0.4670010935512963
1681689600,30324.12,30490.7,29116.73,30394.56,0.47945515586693416
1681862400,30392.64,30424.14,28000.58,28248.1,0.34385283233100944
1682035200,28250.35,28368.88,27144.01,27822.84,0.23309671376424662
1682208000,27823.46,28003.12,26972.79,27522,0.14379370020739055
1682380800,27522.43,30039.06,27197.57,28430.87,0.11912269139484626
1682553600,28431.79,29895.35,28393.18,29337.1,0.13775223081229093
1682726400,29338.13,29972.89,29053.94,29248.47,0.14565349111968362
1682899200,29250.13,29347.7,27665.95,28698.86,0.12313865564426885
1683072000,28698.78,29387.66,28140.32,28870.25,0.11437467035082914
1683244800,28872.99,29870.31,28413.5,28962.11,0.1119707104538775
1683417600,28961.42,29241.35,27380.29,27810.71,0.04917800169395725
1683590400,27808.47,28334.24,26821.23,27620.45,-0.0033989649756726264
1683763200,27621.53,27647.44,25823.6,26809.46,-0.078732768454763
1683936000,26811.45,27205.8,26595.63,26930.75,-0.12372431370280913
1684108800,26931.05,27673.93,26736.44,27041.17,-0.1492026931526137
1684281600,27042.18,27509.15,26373.38,26829.1,-0.1774634893646657
1684454400,26830.41,27190.04,26646.51,27116.5,-0.17882523557902963
1684627200,27118.52,27283.01,26535.85,26858.63,-0.19236307608502773
1684800000,26858.37,27508.18,26070.54,26329.53,-0.2280408892522998
1684972800,26329.56,26943.58,25873.34,26718.79,-0.2232740925065285
1685145600,26720.12,28264.89,26566.94,28082.01,-0.12060891234624548
1685318400,28082.01,28462.73,27544.2,27707.09,-0.0755791259916596
1685491200,27705.22,27842.37,26619.38,26825.56,-0.09314903593288892
1685664000,26824.03,27339.43,26509.53,27075.63,-0.08908564190965923
1685836800,27074.82,27469.71,25392.86,25732.88,-0.15120392093135956
1686009600,25734.58,27392.77,25350.48,26351.68,-0.15277285156904463
1686182400,26350.6,26826.33,26224.33,26488.23,-0.14580063085500145
1686355200,26488.73,26537.44,25399.63,25940.01,-0.1648423034861366
1686528000,25939.77,26428.18,25625.8,25936.28,-0.17799667045213657
1686700800,25936.51,26086.45,24770.53,25582.77,-0.2027340054638861
1686873600,25581,26804.75,25170.56,26515.09,-0.16006925458858026
1687046400,26516.97,27051.86,26260.37,26844.45,-0.11103409446607232
1687219200,26844.29,30787.73,26652.1,30002.77,0.0833797985585361
1687392000,30003.41,31441.74,29569.14,30705.83,0.21652122159163634
1687564800,30703.32,31050.07,30271.37,30473.14,0.2836954937464583
1687737600,30473.86,31018.01,29928.15,30700.05,0.3336003142671022
1687910400,30700.99,30834.25,29846.05,30453.02,0.35325002788676063
1688083200,30453.04,31280.48,29452.19,30594.48,0.37099214407297804
1688256000,30593.98,31391.7,30181.35,31160.43,0.3995202553351529
1688428800,31163.68,31331.68,30196.99,30507.27,0.37759805350939424
1688601600,30506.27,31552.28,29721.72,30352.3,0.35221876262928054
1688774400,30351.86,30453.27,30066.7,30174.62,0.3222098503977971
1688947200,30175.34,31042.51,29965.03,30631.36,0.3163625843310263
1689120000,30633.89,31829,30227.25,31482.21,0.34209952025006796
1689292800,31483.23,31644.47,29940.08,30299.26,0.2797678922734083
1689465600,30300.6,30457.63,29678.15,30154.32,0.22994939199689646
1689638400,30152.07,30243.7,29522.25,29921.83,0.18148506960227498
1689811200,29920.35,30419.8,29571.85,29917.77,0.1469701709709373
1689984000,29917.56,30351.55,29645.97,30092.75,0.13014519524117954
1690156800,30091.5,30102.82,28874,29236.54,0.06378906353138891
1690329600,29235.78,29690.93,29087.68,29225.73,0.016674100017000027
1690502400,29224.23,29535.39,29129.53,29369.53,-0.008761539267476802
1690675200,29369.79,29524.5,29053.2,29240.57,-0.03565936355977072
1690848000,29237.8,30033.5,28612,29169.38,-0.060411942915126
1691020800,29170.04,29408.19,28788.03,29086.35,-0.08482473859017822
1691193600,29085.76,29168.51,28960.97,29053.48,-0.10589066188300761
1691366400,29053.25,30226.5,28669.11,29774.15,-0.057390873830875794
1691539200,29775.65,30129.27,29317.25,29433.51,-0.04998272995028237
1691712000,29434.01,29537.54,29223.42,29422.34,-0.0456706528371914
1691884800,29422.42,29667.77,29090.49,29419.22,-0.042782544469421785
1692057600,29419,29467.16,28701.67,28707.5,-0.10177274381582267
1692230400,28705.2,28758.96,25253.44,26053.12,-0.3110362394478167
1692403200,26054.35,26295.77,25800.8,26196.16,-0.40348432213726704
1692576000,26195.97,26251.06,25361.73,26046.38,-0.4631487773267388
1692748800,26049.11,26809.42,25811.22,26172.62,-0.48917626258298375
1692921600,26173.37,26295.76,25773,26016.25,-0.5118357974832131
1693094400,26016.25,26237.7,25866.55,26115.16,-0.5175692770958745
1693267200,26114.91,28167.47,25924.34,27309.12,-0.4034037859786424
1693440000,27309.87,27567.37,25328.92,25804.3,-0.3893683617248965
1693612800,25804.98,26122.75,25744.1,25972.31,-0.3676721713364649
1693785600,25972.81,26088.32,25570.22,25787.15,-0.36052016261031333
1693958400,25787.07,26451.56,25393.3,26256.68,-0.31944764383658736
1694131200,26260.72,26439.6,25655.53,25899.53,-0.3059339945342153
1694304000,25900.53,26031.15,24915.5,25163.39,-0.3258837211860645
1694476800,25162.38,26612.65,25135.46,26230.44,-0.2615617689316008
1694649600,26231.34,26892.09,26144.21,26611.11,-0.19541770386930185
1694822400,26611.45,26773.2,26418.76,26538.19,-0.15477668426425334
1694995200,26536.71,27497.13,26403.46,27225.68,-0.08454492173063687
1695168000,27227.53,27398.65,26376.48,26572.29,-0.07019940725195485
1695340800,26573.54,26735.44,26490.49,26588.1,-0.059583526996299874
1695513600,26587.6,26735.03,26000.2,26303.22,-0.06720877848927728
1695686400,26303.72,26836.8,26097.08,26367.38,-0.06864502131325396
1695859200,26367.62,27314.69,26336.07,26916.78,-0.0343248294786713
1696032000,26915.92,28077.13,26891.54,27995.39,0.05453343848970629
1696204800,27998.64,28597.22,27173.87,27430.79,0.07705077710814724
1696377600,27429.79,28128.85,27217.61,27415.44,0.09103583162027018
1696550400,27416.24,28292.95,27184.63,27971.96,0.13044508316466727
1696723200,27972.46,28103.54,27288.66,27598.69,0.13192297913542558
1696896000,27601.19,27734.64,26541.83,26876.35,0.08458402306036662
1697068800,26873.79,27126.81,26555.68,26868.36,0.052111318967738095
1697241600,26868.36,27299.12,26809.25,27174.56,0.04740783491454041
1697414400,27171.56,30027,27126.96,28410.66,0.11483826583935658
1697587200,28410.33,28988.64,28139.52,28736.56,0.1748969884565667
1697760000,28736.88,30359.58,28601.49,29923.51,0.2676559954228888
1697932800,29921.03,34406.25,29677.53,33082.5,0.4275897967506786
1698105600,33083.03,35194.81,32858.64,34499.56,0.5403316314634351
1698278400,34497.31,34836.26,33388.4,33915.05,0.5665081629632196
1698451200,33914.02,34764.88,33876.05,34538.5,0.5919449061639401
1698624000,34541.25,34890.1,34067.72,34660.4,0.6098978289436618
1698796800,34661.82,35971.45,34103.12,34939.68,0.6260185552558124
1698969600,34942.43,35277.07,34129.75,35091.58,0.6394512716695921
1699142400,35091.88,35406.78,34498.53,35045.77,0.646128824795377
1699315200,35054.27,36115.15,34534.67,35633.63,0.6597041751310007
1699488000,35631.88,37980.5,35553.71,37314.13,0.6925257133853064
1699660800,37321.88,37415.68,36670.88,37067.98,0.6969005756334614
1699833600,37067.6,37432.62,34801.41,35551.12,0.5961137436821253
1700006400,35551.63,37965.5,35368.04,36161.56,0.541757424224627
1700179200,36167.06,36852.04,35869.3,36588,0.513853948386158
1700352000,36589.81,37768.77,36412.73,37471.79,0.5122785741490828
1700524800,37469.32,37869,35647.25,37420.85,0.5081198770942835
1700697600,37423.1,38433.48,36884.68,37726.56,0.5114252652722675
1700870400,37730.62,37905.32,37149.46,37458.92,0.4963941224369168
1701043200,37460.23,38396.41,36723.53,37831.24,0.49395575217432586
1701216000,37831.99,38439.5,37500.25,37723.24,0.48460261678700284
1701388800,37728.57,39710.75,37623.49,39467.01,0.5195607772713173
1701561600,39462.38,42391.49,39287.25,41974.74,0.5907315331142958
1701734400,41963.13,44610.75,41268.78,43775.94,0.6574408440753935
1701907200,43775.28,44720.5,42860.63,44184.59,0.7005601350720544
1702080000,44190.12,44370.4,43588.67,43794.17,0.7039950226200877
1702252800,43796.42,43815.8,40132,41476.57,0.575947509429913
1702425600,41487.15,43449.38,40603.69,43034.72,0.5212533965572923
1702598400,43037.97,43093.65,41651.87,42260.7,0.45311062484082487
1702771200,42253.93,42742.3,40511.23,42654.53,0.41601532827883436
1702944000,42660.68,44319.72,41811,43664.69,0.4089920634672799
1703116800,43666.78,44426.69,43323.1,44012.68,0.4104070161836389
1703289600,44019.91,44031.96,42673.54,43028.98,0.3697652065286584
1703462400,43023.73,43821.05,41623.19,42528.16,0.3210521670474403
1703635200,42530.08,43806.91,42138.42,42599.41,0.28824382879581983
1703808000,42610.91,43143.98,41302.65,42159.51,0.2458624376493061
1703980800,42158.86,42882.6,41988.7,42278.29,0.2179586492540124
1704067200,42279.67,45920.31,42202.84,44977.2,0.2702652070259101
1704240000,44980.8,45524.41,40490.92,44203.8,0.27089987762966505
1704412800,44204.84,44405.84,42460.75,43992.36,0.2623125099747479
1704585600,43987.95,47285.4,43215.74,46981.38,0.3262058065214426
1704758400,46985.65,47910.75,44305.95,46666.23,0.3523980487722411
1704931200,46672.16,48975.07,41482.49,42790.03,0.22233427626411098
1705104000,42795.05,43244,41704.18,41715.61,0.11466723749274689
1705276800,41709.56,43572.88,41690,43139.79,0.08183244377920373
1705449600,43142.01,43188.12,40632.26,41294.55,0.014905018232585297
1705622400,41290.84,42165.96,40276.87,41691.92,-0.01791031513517018
1705795200,41687.89,41978.4,39419.06,39540.57,-0.0865408669852425
1705968000,39537.32,40533.39,38524,40090.15,-0.11728787286267607
1706140800,40090.67,42220.44,39536.05,41817,-0.09466155505406318
1706313600,41818.32,42819.52,41396.21,42032.37,-0.0742863303450894
1706486400,42032.89,43862.55,41807.54,42950.2,-0.03776808748503887
1706659200,42948.43,43736.06,41866.89,43078.25,-0.008944588794504573
1706832000,43082.67,43515.88,42541.55,42997.87,0.010066181884807193
1707004800,42996.41,43516,42235.95,42668.42,0.015408543017497623
1707177600,42668.08,44383.75,42535.34,44337.8,0.06368456968849076
1707350400,44337.91,48202.38,44329.18,47149.6,0.16446005068322117
1707523200,47147.53,48576.25,46895.88,48311.33,0.2528112159692152
1707696000,48317.79,50386.91,47694.17,49744.44,0.335696485500583
1707868800,49744.16,52829.25,49268.53,51929.1,0.42217200233028807
1708041600,51926.83,52590.6,50500.14,51666.81,0.46827687286970476
1708214400,51665.83,52484.65,51191.62,51769.54,0.5008399148055945
1708387200,51766.56,52971.7,50578.75,51855.14,0.5250428426916494
1708560000,51858.34,52065,50428.75,50741.61,0.49807325232752825
1708732800,50740.35,51956.38,50584.06,51725.45,0.49233294433251307
1708905600,51731.94,57592.85,50907.81,57054.17,0.554270168632865
1709078400,57055.32,64005.2,56528.97,61165.98,0.6266190520334921
1709251200,61161.73,63177.55,60722.36,62020.87,0.6728808820906597
1709424000,62020.1,68465.5,61385,68285.06,0.7341643925828936
1709596800,68288.08,69156.65,59173.92,66103.55,0.7061823825623577
1709769600,66102.85,70055.5,65621.41,68227.79,0.6995510944257647
1709942400,68229.29,69960.25,67966.86,69012.3,0.6989681716885326
1710115200,69008.98,72960.41,67104.88,71413.66,0.7090339527546491
1710288000,71414.81,73757.39,68523.59,71364.95,0.7144574258597453
1710460800,71368.47,72435.74,64805.91,65263.96,0.5727890310189677
1710633600,65253.21,68918.5,64543.75,67608.76,0.4998215726072818
1710806400,67604.6,68164.33,60794.84,67877.2,0.4547939374208381
1710979200,67871.75,68250.39,62248.87,63814.92,0.34870383167112295
1711152000,63815.64,67703.6,63034.65,67216.71,0.30995444199465416
1711324800,67225.2,71539.17,66406.06,69993.63,0.30910046558369453
1711497600,69997.5,71725.44,68337.28,70780.6,0.3151910685697511
1711670400,70775.32,70918.77,69063.41,69640.22,0.30072895108051323
1711843200,69635.97,71389.7,68082.04,69688.23,0.29102019136868706
1712016000,69686.99,69701.98,64457.83,65983.36,0.22247845446458825
1712188800,65979.89,69420.97,65084.51,67847.25,0.19506708457622043
1712361600,67849.25,70286,67459.47,69359.11,0.19246175747649297
1712534400,69353.84,72756.63,68229.55,69144.23,0.18714495729150638
1712707200,69134.67,71321.94,67501.02,70046.53,0.1937382367806923
1712880000,70047.28,71248.19,61054.5,64031.79,0.0993128440773555
1713052800,64015.99,66903.88,62291.93,63446.65,0.02939406227397831
1713225600,63468,64534.54,59707.58,61304.19,-0.047432668782015776
1713398400,61291.78,65501.47,59635.83,63846.37,-0.061845709575155575
1713571200,63856.24,65726.78,63148.79,64966.88,-0.05511338630012546
1713744000,64966.98,67467.93,64547.28,66428.24,-0.029111003089920432
1713916800,66432.45,67071.99,62773.42,64505.39,-0.037579839264365256
1714089600,64504.64,64800.7,62398.9,63462.5,-0.05775274074130105
1714262400,63460.36,64353.58,61795.65,63864.74,-0.06566052047924092
1714435200,63865.03,64745.03,56522.25,58308.7,-0.145691932147117
1714608000,58316.78,63358.43,56959.42,62932.96,-0.12256585214139411
1714780800,62930.96,64677.36,62597.81,64072.99,-0.09135655233247257
1714953600,64081.74,65541.11,62301.91,62348.69,-0.09184291207637309
1715126400,62346.19,63445.16,60657.08,63102.37,-0.08124581425132785
1715299200,63101.39,63619.78,60182.55,60841.16,-0.10177794926807764
1715472000,60837.66,63460.05,60634.24,62949.09,-0.08450757689879033
1715644800,62938.86,66475.25,61092.63,66259.92,-0.02578334380789596
1715817600,66272.2,67510.75,64614.63,67081.21,0.024283415750544185
1715990400,67085.49,67785.23,65907.51,66284.51,0.04758679470183517
1716163200,66278.88,71939.1,66102.01,70142.99,0.11277381522839608
1716336000,70152,70642.8,66317.75,67971.06,0.12321940268123834
1716508800,67957.45,69607.08,66649.08,69296.34,0.14575708266900425
1716681600,69307.6,70623.35,68103.12,69407.63,0.16263255186180553
1716854400,69394.28,69538.39,67125.67,67607.21,0.14486683661960673
1717027200,67610.71,69533.47,66635.22,67507.38,0.13051762795072758
1717200000,67514.29,68409.98,67291,67758.16,0.12337094368870795
1717372800,67754.09,71075.98,67604.98,70567.23,0.15752906793697058
1717545600,70560.1,71747.28,70116.25,70784.19,0.18478320615770769
1717718400,70782.93,71943.26,68405.39,69309.89,0.17436399460821086
1717891200,69309.58,70161.76,69127.82,69512.71,0.16986540338844675
1718064000,69513.54,70011.25,66059.75,68247.83,0.13905190994452454
1718236800,68247.07,68440.87,65026,66007.62,0.06942042844341124
1718409600,66007.61,66915.22,65827.39,66640.79,0.03269689142806406
1718582400,66639.6,67275.99,64067.75,65180.13,-0.022335169792796473
1718755200,65179.65,66485.06,64555,64881.55,-0.06677438703856142
1718928000,64880.8,65054.25,63373.13,64272.75,-0.11056395160093066
1719100800,64275.5,64526.14,58468.32,60296,-0.21234945423237137
1719273600,60295.07,62485.1,60256.34,60840.45,-0.26461831536829516
1719446400,60846.02,62366.49,59971.18,60373.74,-0.30707583963515594
1719619200,60372.49,62980.24,60347.63,62722.89,-0.27252194490902676
1719792000,62723.14,63826.29,61589,62078.03,-0.25923411041999345
1719964800,62080.61,62239.48,56761.18,57056.56,-0.32282086803213017
1720137600,57053.96,58493.99,53458.05,58264.16,-0.3311906568701964
1720310400,58263.56,58462.4,54344.06,56745.43,-0.3548387809139388
1720483200,56742.62,59505.26,56340.89,57774.17,-0.34501175020741426
1720656000,57766.13,59550.77,56587.66,57940.86,-0.33426482821543024
1720828800,57945.53,61440.29,57817.51,60846.86,-0.25673447359170987
1721001600,60843.74,65428.3,60724.02,65111.67,-0.11654971105825195
1721174400,65106.16,66137.08,63241.78,63988.89,-0.04711620860474973
1721347200,63990.59,67639.73,63339.04,67180.98,0.04948425521341371
1721520000,67183.23,68518.1,65863.55,67603.33,0.11716175336955705
1721692800,67601.81,67807.49,65142.75,65397.85,0.12278389197338384
1721865600,65396.31,68440.92,63448.99,67955.2,0.1609348841756867
1722038400,67962.29,69437.36,66688.65,68294.33,0.19052566045192668
1722211200,68287.83,70040.75,65369.8,66216.2,0.17197455953629748
1722384000,66215.7,66849.58,62276.2,65336.55,0.14309801604624484
1722556800,65337.15,65568.47,59871.16,60715.11,0.043528959358351965
1722729600,60713.38,61102.18,49217,54051.91,-0.11181715665813936
1722902400,54067.33,57761.99,54015.79,55138.53,-0.18602911961136406
1723075200,55152.31,62738.56,54773.16,60881.01,-0.14577736251762663
1723248000,60873.15,61863.17,58346.88,58745.55,-0.143522682883586
1723420800,58742.29,61601.36,57686.08,60622.3,-0.11739610085989467
1723593600,60619.07,61826.9,56148.93,57562.38,-0.13118359674689728
1723766400,57562.14,59854.4,57118.12,59511.7,-0.11548567745555294
1723939200,59512.72,60275.85,57865.2,59507.84,-0.10492697080119248
1724112000,59497.38,61846.5,58603.91,61188.5,-0.07588214026768714
1724284800,61192.34,64999.98,59792.93,64102.53,-0.018905289637875026
1724457600,64103.53,65105.95,63616.56,64290.76,0.02305749778312837
1724630400,64287.03,64511.47,58081.27,59467.41,-0.007862503507193514
1724803200,59467.17,61202.3,57918.36,59406.74,-0.02947912130074596
1724976000,59403.41,59958.91,57763,59015.67,-0.04963644967501813
1725148800,59015.67,59452.5,57170.8,59177.36,-0.06206334449700985
1725321600,59173.9,59844.43,55696.18,58003.25,-0.08687042806922489
1725494400,58007.03,58344.51,52600.25,53997.33,-0.1564867794664306
1725667200,53993.58,55346.89,53661.89,54903.73,-0.18874856192435938
1725840000,54908.25,58105.19,54620.72,57673.15,-0.16285279563005836
1726012800,57669.04,58589.6,55592.13,58174.16,-0.13660086616030606
1726185600,58174.43,60681.85,57671.83,60040.86,-0.08659677600345594
1726358400,60040.88,60416.34,57526.43,58239.99,-0.0774162202714976
1726531200,58239.27,61809.93,57660.04,61789.22,-0.014388440742083012
1726704000,61791.52,64137.17,61613.59,63209.22,0.04791962710421207
1726876800,63203.81,64020.75,62422.04,63604.72,0.09564429252942781
1727049600,63608.9,64772.24,62620.32,64296.43,0.13874803983150313
1727222400,64305.46,65842.23,62701.57,65210.68,0.18205923537151977
1727395200,65208.67,66524.45,64874.01,65906.85,0.22272756351738743
1727568000,65898.51,66094.5,62895.46,63352.44,0.19833863246543393
1727740800,63357.38,64136.44,60020.05,60672.17,0.12801416242045086
1727913600,60671.81,62499.75,59884.72,62114.43,0.10276242025997148
1728086400,62114.93,62973.69,61713.09,62832.04,0.09668306660640372
1728259200,62836.58,64461.08,61857.22,62150.73,0.07941729291979353
1728432000,62144.01,62522.67,58890.48,60293.51,0.031984852910471415
1728604800,60292.61,63491.06,60059.6,63225.12,0.04987522484184413
1728777600,63224,66483.5,62076.48,66085.04,0.10712521364938656
1728950400,66085.06,68370.65,64773.89,67618.58,0.16610555902227817
1729123200,67615.11,68966.23,66652.12,68413.6,0.21579469358266276
1729296000,68413.83,69365,68030.76,69020.34,0.2577025423791616
1729468800,69020.34,69504.7,66576.1,67388.67,0.2513596255917332
1729641600,67391.98,68810.05,65153.38,68167.49,0.2572150016628858
1729814400,68167.74,68729.35,65538.5,67030.64,0.23558940889130556
1729987200,67031.06,70235.25,66865.8,69935.85,0.260577494835141
1730160000,69936.62,73581.22,69738.47,72359,0.3080812170198432
1730332800,72358.75,72669.01,68796.5,69509.1,0.2751113498076651
1730505600,69502.94,69894.18,67479.18,68757.97,0.23801698835242857
1730678400,68757.27,70544.17,66824.44,69399.86,0.2214762624635866
1730851200,69404.34,76895.38,69326.71,75913.55,0.29105774878186824
1731024000,75914.08,77218.3,75660.07,76717.34,0.3416316185172249
1731196800,76714.09,89609.5,76547.56,88711.08,0.4721344206693428
1731369600,88714.06,93432.75,85098.75,90489.68,0.5508575648954857
1731542400,90485.05,91888.16,86667.99,91053.34,0.5999853551757842
1731715200,91051.09,91772.93,88727.31,89860.17,0.6096143666696093
1731888000,89859.03,93978.46,89416.16,92370.75,0.6269729463107653
1732060800,92375.54,98973.38,91511.78,98422.77,0.6623117273805154
1732233600,98429.28,99661,97168.46,97712.72,0.6720442763245482
1732406400,97709.47,98883.75,92618.73,93048.75,0.5971890207904942
1732579200,93035.64,97344.49,90767.9,95958.77,0.5615576878763238
1732752000,95947.75,98711.78,94686.3,97515.07,0.545259826394803
1732924800,97514.63,97903.48,95775.45,97290.95,0.5305249021508406
1733097600,97282.54,98193.83,93626.6,95953.01,0.4980994125337818
1733270400,95953.09,103915.63,91186.97,97011.13,0.48087161693803976
1733443200,96983.69,102024.28,96401.88,99923.56,0.48595106451157805
1733616000,99931.05,101430.51,94208.17,97400.68,0.44605981808115286
1733788800,97348.92,101911.5,94319.62,101167.53,0.4432795536209269
1733961600,101181.68,102509.25,99236.7,101429.21,0.44311018103612076
1734134400,101426.21,105062.25,100614.75,104392.49,0.46249292994420615
1734307200,104409.11,108287.62,103287.65,106123.97,0.48678844513238534
1734480000,106125.46,106472.61,95583.77,97415.15,0.3572043666623794
1734652800,97430.68,99550.24,92190.17,97240.67,0.2750732454174112
1734825600,97249.45,97380.07,92458.23,94782.99,0.18763157936558222
1734998400,94784.07,99485.13,93489.56,99362.77,0.17095010593734367
1735171200,99376.72,99872.45,93358.33,94226.95,0.09969236243865384
1735344000,94224.08,95619.04,92939.55,93653.84,0.04822120362891282
1735516800,93655.34,96176.49,91384.7,93466.28,0.011381613466294651
1735689600,93455.85,97782.22,92792.93,96912.6,0.021376734056563578
1735862400,96910.2,98959.23,96070.93,98230.44,0.041816927801811024
1736035200,98232.69,102513.4,97283.25,102267.85,0.09639418849123198
1736208000,102269.85,102753.82,92510.75,95091.01,0.052060523758936675
1736380800,95078.07,95840.28,91250.13,94734.25,0.02034648126048939
1736553600,94734.6,95395.21,93710.63,94509.13,-0.003433638962425802
1736726400,94509.06,97361.55,89224.11,96579.77,0.0016217299546435443
1736899200,96589.27,100820,96509.5,99993.37,0.04073856811277623
1737072000,99990.79,105896.25,99958.65,104435.75,0.11056872051662169
1737244800,104434.75,109354,99469.57,102164.81,0.13035501915686196
1737417600,102158.13,107279.03,100088.05,103656.9,0.15703879229894502
1737590400,103659.3,107114.9,101243.68,104833.92,0.1858940029450359
1737763200,104837.88,105430.7,102526.59,102598.13,0.17732733984738402
1737936000,102598.7,103773.46,97738.18,101335.45,0.15485845036670262
1738108800,101332.73,106466.54,101315.3,104742.69,0.17153962083611354
1738281600,104742.43,106044,100261.75,100646.51,0.12959803960824506
1738454400,100644.05,102514.71,91341.25,101403.08,0.10902068082618722
1738627200,101402.81,101742.28,96167.44,96622.53,0.03719329111089602
1738800000,96619.26,100190.62,95646.27,96549.65,-0.01141112128352333
1738972800,96549.36,97334.12,94803.69,96510.21,-0.0460507229540678
1739145600,96525.37,98519.33,94901.82,95811.3,-0.07928838181086505
1739318400,95811.01,98126.7,94166.73,96673.82,-0.09182813107613065
1739491200,96668.82,98852.03,96335.07,97587.54,-0.08767518584556869
1739664000,97592.94,97722.06,95273.93,95820.4,-0.10721164505042032
1739836800,95821.65,96919.25,93407.68,96675.18,-0.1075356552006639
1740009600,96674.43,99520.16,94852.23,96183.13,-0.11454375493950293
1740182400,96184.88,96998.13,95298.73,96320.35,-0.11727512737936918
1740355200,96320.91,96537.35,86007.55,88670.09,-0.22431115352903447
1740528000,88667.44,89369.67,81923.53,84740.65,-0.3321606334555441
1740700800,84731.23,86596.72,78300.2,86112.89,-0.3714684252804719
1740873600,86109.91,95150.47,84971.86,86235.95,-0.39450501920755027
1741046400,86235.95,91057.53,81463.63,90668.28,-0.3246975962276373
1741219200,90664.03,92836.45,84715.74,86830.07,-0.3155743344453469
1741392000,86827.15,86918.45,80061.68,80760.79,-0.3605712985677554
1741564800,80775.03,84064.29,76702.93,82961.63,-0.3524064823239668
1741737600,79726.8,84497.92,79726.8,82014.16,-0.35428460693134184